Coin,Price,24h_Volume,Market_Cap
Bitcoin,"$16,617.24","$10,078,611,810","$319,900,825,760"
Ethereum,"$1,203.11","$2,333,685,269","$145,026,798,380"
Tether,$1.00,"$11,564,927,112","$66,267,426,000"
USD Coin,$1.00,"$1,175,693,086","$44,611,189,428"
BNB,$245.74,"$204,416,536","$40,126,471,725"
XRP,$0.339610,"$370,048,557","$17,099,236,489"
Binance USD,$1.00,"$2,424,205,685","$16,573,300,363"
Dogecoin,$0.070741393450,"$241,428,617","$9,733,025,909"
Cardano,$0.249566,"$125,195,150","$8,748,230,077"
OKB,$27.16,"$25,326,155","$6,835,082,124"
Polygon,$0.762215,"$119,899,782","$6,834,449,270"
Lido Staked Ether,"$1,187.41","$50,934,036","$5,749,156,307"
Polkadot,$4.37,"$83,578,106","$5,190,360,608"
Litecoin,$71.29,"$361,171,658","$5,131,363,135"
TRON,$0.054987413083,"$123,666,890","$5,058,311,252"
Dai,$1.00,"$75,901,834","$5,054,135,350"
Shiba Inu,$0.000008145872,"$63,531,383","$4,800,362,108"
Uniswap,$5.24,"$31,240,758","$3,953,479,536"
Solana,$10.02,"$231,359,714","$3,686,148,139"
Avalanche,$10.92,"$89,605,795","$3,403,683,036"
Toncoin,$2.30,"$33,600,007","$3,387,342,272"
LEO Token,$3.51,"$538,004","$3,274,422,513"
Wrapped Bitcoin,"$16,574.81","$44,310,039","$3,042,759,819"
Chainlink,$5.63,"$110,122,115","$2,770,385,187"
Cosmos Hub,$9.46,"$67,042,831","$2,770,065,501"
Monero,$148.68,"$46,653,764","$2,697,881,456"
Ethereum Classic,$15.83,"$53,846,578","$2,197,493,550"
Stellar,$0.072602370153,"$31,992,211","$1,895,080,097"
Bitcoin Cash,$97.30,"$306,283,483","$1,875,213,285"
Quant,$106.37,"$16,411,992","$1,546,195,433"
Cronos,$0.057074710729,"$9,839,433","$1,441,749,990"
ApeCoin,$3.92,"$82,286,014","$1,416,939,969"
Algorand,$0.177697,"$45,356,208","$1,268,747,572"
VeChain,$0.015993065290,"$27,813,942","$1,157,299,024"
Filecoin,$3.14,"$64,294,074","$1,131,691,260"
Internet Computer,$4.04,"$19,402,893","$1,127,694,530"
NEAR Protocol,$1.28,"$36,195,079","$1,083,924,024"
Frax,$1.00,"$3,512,975","$1,018,638,354"
Hedera,$0.038856316063,"$19,956,081","$975,959,295"
EOS,$0.881433,"$43,331,996","$960,531,520"
Lido DAO,$1.10,"$57,947,855","$910,320,347"
Terra Luna Classic,$0.000149657009,"$84,480,369","$900,018,765"
Pax Dollar,$0.997072,"$944,764","$865,132,027"
Huobi,$5.11,"$10,011,067","$829,338,694"
TrueUSD,$1.00,"$20,867,214","$800,169,703"
Bitcoin SV,$41.30,"$9,956,782","$795,994,368"
MultiversX (Elrond),$32.97,"$7,295,588","$792,894,142"
Aave,$52.33,"$30,920,284","$743,992,528"
Theta Network,$0.734531,"$8,880,303","$734,654,450"
Axie Infinity,$6.41,"$49,207,990","$728,381,730"
USDD,$0.982795,"$16,899,727","$712,937,261"
Flow,$0.659619,"$17,615,050","$683,523,827"
Tezos,$0.726189,"$11,904,006","$663,330,573"
KuCoin,$6.51,"$665,842","$633,656,066"
The Sandbox,$0.387965,"$95,948,743","$610,130,208"
BitTorrent,$0.000000624464,"$4,707,777","$594,466,197"
Trust Wallet,$1.41,"$27,142,037","$586,985,546"
Gemini Dollar,$1.00,"$369,496","$577,886,729"
Decentraland,$0.301635,"$30,843,600","$548,249,924"
Chiliz,$0.101524,"$34,982,800","$542,806,819"
cUSDC,$0.022719140815,$2.89,"$534,629,908"
PancakeSwap,$3.18,"$14,377,635","$524,056,407"
Fantom,$0.202026,"$37,553,385","$513,612,358"
Tokenize Xchange,$6.35,"$5,683,465","$507,315,699"
PAX Gold,"$1,824.24","$4,021,821","$493,277,524"
Zcash,$37.33,"$23,056,883","$490,484,011"
IOTA,$0.171728,"$4,982,081","$477,248,388"
Dash,$42.29,"$55,945,128","$468,431,056"
OKC,$26.20,"$3,767,333","$467,664,700"
Klaytn,$0.150840,"$9,059,063","$463,682,484"
Maker,$511.71,"$12,871,105","$461,197,451"
Aptos,$3.51,"$39,817,985","$456,987,639"
NEO,$6.41,"$29,161,740","$452,393,434"
Gate,$3.01,"$156,861","$437,381,213"
Tether Gold,"$1,748.40","$264,857","$430,935,514"
eCash,$0.000022173405,"$2,484,815","$427,267,177"
The Graph,$0.056594993408,"$10,067,988","$418,845,309"
cDAI,$0.022122690568,$122.57,"$405,560,889"
cETH,$24.13,$79.86,"$386,531,041"
Rocket Pool,$20.28,"$1,950,663","$386,167,026"
THORChain,$1.29,"$15,300,001","$386,084,149"
NEXO,$0.662449,"$23,790,620","$371,227,690"
BTSE Token,$2.18,"$7,965.72","$353,185,583"
Synthetix Network,$1.47,"$14,678,053","$352,647,689"
Osmosis,$0.688958,"$6,027,754","$349,838,107"
Radix,$0.034587315033,"$210,065","$349,298,487"
GMX,$41.51,"$4,975,491","$348,739,080"
XDC Network,$0.025041787791,"$2,375,129","$346,314,671"
Mina Protocol,$0.435918,"$7,170,139","$345,878,089"
Curve DAO,$0.529368,"$24,498,128","$344,270,560"
BitDAO,$0.320499,"$29,010,783","$343,136,052"
EthereumPoW,$2.98,"$3,756,985","$321,205,438"
Arweave,$6.38,"$8,168,250","$319,339,633"
Frax Share,$4.30,"$3,070,224","$309,978,812"
1inch,$0.386703,"$9,201,012","$303,363,509"
Casper Network,$0.028021057113,"$2,923,128","$298,069,734"
ImmutableX,$0.386919,"$4,029,717","$296,193,178"
Stacks,$0.213077,"$2,982,156","$287,837,995"
Ethereum Name Service,$10.84,"$10,241,281","$279,511,301"
SafeMoon [OLD],$0.000000005040,$55.44,"$277,800,683"
Zilliqa,$0.016250198429,"$13,242,593","$276,584,623"
DeFiChain,$0.424514,"$1,986,594","$271,619,811"
Decred,$18.50,"$307,616","$270,342,581"
Chain,$0.012569199467,"$5,527,685","$270,017,374"
Olympus,$9.65,"$252,797","$269,007,390"
NEM,$0.029115110884,"$4,443,103","$262,034,700"
Holo,$0.001444710766,"$8,002,792","$256,718,358"
Bitget Token,$0.181828,"$3,598,049","$254,394,115"
Basic Attention,$0.169807,"$10,324,609","$253,696,277"
Enjin Coin,$0.245053,"$6,557,690","$245,170,065"
Terra,$1.28,"$12,896,396","$242,818,772"
Loopring,$0.190034,"$9,581,014","$236,863,983"
Celo,$0.484227,"$6,460,777","$234,021,342"
Convex Finance,$3.21,"$1,631,445","$232,528,374"
Ravencoin,$0.019457574733,"$11,739,488","$232,304,784"
Nexus Mutual,$34.03,"$2,942.50","$230,654,006"
Escoin,$3.10,"$214,366","$228,752,259"
ECOMI,$0.000813199993,"$607,703","$219,755,195"
Euro Tether,$1.07,"$97,734.69","$219,493,433"
Rocket Pool ETH,"$1,297.24","$1,819,024","$217,663,644"
Compound,$31.73,"$29,672,426","$217,614,983"
Gnosis,$83.97,"$1,514,855","$217,434,278"
Huobi BTC,"$16,615.37","$10,638.44","$215,388,187"
Helium,$1.53,"$1,488,962","$208,354,354"
Bitcoin Gold,$11.75,"$720,980","$205,863,095"
IoTeX,$0.021425698404,"$4,672,399","$202,490,111"
Bone ShibaSwap,$0.880966,"$2,670,168","$202,101,994"
Kusama,$22.40,"$15,527,848","$201,410,042"
Celsius Network,$0.475428,"$357,127","$201,400,510"
Balancer,$5.20,"$2,659,446","$200,293,963"
Optimism,$0.929311,"$26,624,475","$199,587,010"
TerraClassicUSD,$0.020134139494,"$4,097,686","$197,511,781"
Qtum,$1.88,"$14,699,504","$196,609,562"
Kava,$0.533982,"$17,751,100","$195,435,398"
Theta Fuel,$0.031787419060,"$2,647,417","$190,062,455"
Kadena,$0.872019,"$2,096,867","$187,786,842"
SwissBorg,$0.195210,"$156,930","$185,786,193"
BinaryX,$69.46,"$1,641,527","$183,229,405"
Liquity USD,$1.02,"$1,490,332","$182,679,267"
Sushi,$0.940601,"$25,480,998","$181,525,418"
Golem,$0.179899,"$2,111,056","$180,019,463"
Aleph Zero,$0.858884,"$1,003,834","$178,325,489"
JUST,$0.019967650666,"$7,438,996","$177,794,762"
Oasis Network,$0.034855766724,"$7,852,244","$175,304,540"
Chia,$28.65,"$2,985,868","$174,618,857"
Amp,$0.003094484878,"$2,751,951","$173,397,973"
Alchemix USD,$0.986052,"$318,809","$171,885,838"
Band Protocol,$1.41,"$6,200,665","$171,450,235"
Beldex,$0.042409285645,"$1,466,098","$170,490,447"
yearn.finance,"$5,124.74","$10,054,706","$167,932,725"
dYdX,$1.14,"$37,233,789","$162,522,134"
Moonbeam,$0.329287,"$4,484,400","$161,774,916"
LINK,$23.60,"$848,363","$158,896,474"
Dogelon Mars,$0.000000287844,"$1,547,423","$158,173,491"
WOO Network,$0.124859,"$13,422,321","$151,762,507"
Bitkub Coin,$1.69,"$540,575","$150,326,052"
Astar,$0.039101382683,"$2,516,798","$149,930,781"
Baby Doge Coin,$0.000000000939,"$1,755,413","$148,861,209"
cUSDT,$0.014997064971,$1.50,"$147,159,848"
OMG Network,$1.04,"$21,682,718","$145,980,022"
Mask Network,$2.11,"$30,748,560","$144,032,970"
Flux,$0.496800,"$6,113,905","$142,138,053"
STEPN,$0.236034,"$28,820,746","$141,902,821"
Energy Web,$3.01,"$1,572,318","$136,438,545"
Ontology,$0.153123,"$5,174,753","$134,208,508"
STASIS EURO,$1.07,"$295,385","$133,251,907"
ICON,$0.147574,"$2,124,686","$132,789,768"
Waves,$1.32,"$17,207,646","$131,577,717"
Polymath,$0.146331,"$304,903","$131,473,358"
Convex CRV,$0.455875,"$301,086","$131,190,456"
IOST,$0.006926049435,"$6,291,148","$128,886,937"
CoinEx,$0.040551638753,"$1,261,178","$128,532,630"
Ankr,$0.015687516744,"$7,598,452","$128,209,427"
Telcoin,$0.001909453962,"$569,827","$128,206,633"
SafePal,$0.397074,"$3,195,704","$128,032,403"
0x,$0.150641,"$5,717,636","$127,678,102"
SafeMoon,$0.000228066052,"$382,974","$127,199,316"
GALA,$0.016854962309,"$26,038,322","$127,152,179"
Nest Protocol,$0.021207774729,"$1,792,556","$125,694,429"
DigiByte,$0.007878801638,"$1,341,727","$125,425,545"
Harmony,$0.010155738727,"$6,002,869","$124,940,188"
Horizen,$9.44,"$2,684,400","$124,729,995"
Audius,$0.131912,"$2,868,090","$123,874,251"
Gains Farm,"$3,427.70","$7,863.17","$122,875,314"
Livepeer,$4.55,"$5,719,131","$122,776,827"
Render,$0.406664,"$20,135,221","$122,092,250"
Reserve Rights,$0.002870039807,"$5,656,141","$121,459,077"
APENFT,$0.000000434476,"$7,112,387","$120,390,910"
LUKSO,$7.79,"$1,465,159","$119,915,978"
Bitgert,$0.000000302715,"$995,410","$119,904,898"
Siacoin,$0.002268083148,"$1,252,418","$116,756,293"
Secret,$0.608450,"$830,557","$115,893,452"
Ribbon Finance,$0.189726,"$434,564","$114,262,502"
Agoric,$0.417150,"$654,421","$113,697,624"
Evmos,$0.285897,"$983,812","$111,626,806"
NuCypher,$0.084523584195,"$993,618","$106,932,591"
Magic,$0.518322,"$10,516,936","$106,514,870"
DAO Maker,$0.827329,"$475,628","$105,578,954"
Shardus,$0.239356,"$21,861.34","$105,213,398"
UMA,$1.50,"$4,817,954","$104,171,432"
Lisk,$0.717932,"$3,097,882","$103,958,111"
SXP,$0.202911,"$3,142,620","$103,223,022"
ConstitutionDAO,$0.020230449714,"$9,921,358","$102,546,341"
Constellation,$0.038303903041,"$360,425","$100,321,114"
Tenset,$0.549108,"$82,346.88","$100,105,440"
Injective,$1.26,"$5,950,188","$98,567,870"
BORA,$0.106187,"$982,998","$98,490,606"
WAX,$0.042029842079,"$3,442,779","$97,876,015"
Hive,$0.260980,"$975,407","$96,898,760"
PlatonCoin,$0.840503,$0.504302,"$95,900,907"
Creditcoin,$0.459010,"$7,255,150","$95,034,084"
Songbird,$0.010723150206,"$887,076","$94,972,473"
Synapse,$0.492035,"$1,269,363","$93,458,640"
Ecoin,$0.000200044953,-,"$92,245,061"
VVS Finance,$0.000002971778,"$551,807","$91,940,247"
Tribe,$0.201195,"$220,376","$91,578,876"
USDX,$0.806342,"$279,484","$89,965,418"
Gains Network,$3.45,"$1,609,542","$89,699,451"
Aragon,$2.23,"$5,865,206","$89,285,047"
WEMIX,$0.361520,"$338,233","$89,234,912"
Voyager VGX,$0.301439,"$1,274,616","$88,374,333"
Merit Circle,$0.271109,"$2,312,269","$88,350,756"
Veritaseum,$40.97,"$9,305.32","$88,070,019"
Function X,$0.155313,"$868,549","$88,053,560"
DeXe,$2.40,"$2,516,926","$87,511,561"
Magic Internet Money,$0.999378,"$417,062","$86,692,728"
iExec RLC,$1.19,"$8,466,557","$85,864,357"
Nano,$0.639540,"$428,958","$85,226,581"
SKALE,$0.020383801497,"$4,540,341","$84,647,290"
Polymesh,$0.120500,"$7,680,300","$83,324,938"
sETH2,"$1,188.94","$582,974","$83,120,697"
Pundi X,$0.319655,"$5,967,764","$82,595,844"
Kaspa,$0.005266970191,"$1,054,769","$82,169,769"
MX,$0.819510,"$80,491.19","$81,896,436"
LooksRare,$0.147481,"$2,796,780","$80,570,236"
Phoenix Global [OLD],$0.023788927336,$25.39,"$80,565,149"
Smooth Love Potion,$0.002015875975,"$5,895,130","$80,459,043"
Multichain,$4.37,"$1,146,320","$80,084,617"
Pocket Network,$0.057786976244,"$583,153","$78,884,111"
Nerve Finance,$0.004456359182,"$13,926.14","$77,747,624"
MXC,$0.031798696951,"$5,421,894","$77,516,782"
Numeraire,$12.51,"$2,665,886","$76,832,568"
API3,$1.01,"$3,484,953","$76,656,901"
Nervos Network,$0.002292334561,"$977,328","$76,390,043"
MaidSafeCoin,$0.104858,-,"$76,302,113"
Marinade staked SOL,$10.85,"$935,276","$75,484,939"
Illuvium,$38.54,"$2,418,905","$75,456,197"
Kyber Network Crystal,$0.460736,"$4,910,396","$74,962,801"
JUNO,$1.13,"$264,972","$74,650,766"
Ergo,$1.16,"$1,018,329","$74,429,449"
Status,$0.018754048930,"$1,170,787","$74,375,083"
FLOKI,$0.000007927050,"$1,879,415","$73,672,190"
Radicle,$1.50,"$3,848,199","$73,002,126"
aelf,$0.157494,"$11,330,835","$72,795,588"
PlayDapp,$0.135020,"$2,372,959","$72,680,459"
Syscoin,$0.103908,"$768,666","$72,248,703"
WINkLink,$0.000074686779,"$6,843,832","$71,802,410"
Decentralized Social,$6.80,"$295,364","$71,651,379"
Persistence,$0.505404,"$216,278","$71,597,576"
Biconomy,$0.269044,"$2,756,904","$71,367,077"
Ocean Protocol,$0.164101,"$5,339,523","$71,201,497"
Bitcoin Avalanche Bridged (BTC.b),"$16,643.55","$17,918.62","$71,082,468"
Dock,$0.014680676119,"$2,189,303","$70,448,413"
Metis,$16.13,"$1,271,330","$70,324,678"
SSV Network,$10.00,"$1,224,173","$70,031,755"
Prom,$3.81,"$1,733,598","$69,525,758"
Share,$0.001373760881,"$44,175.76","$69,453,171"
Ardor,$0.069136159893,"$7,057,341","$68,973,738"
Sologenic,$0.172250,"$723,296","$68,904,471"
ChainX,$0.456671,"$22,497.01","$68,530,128"
Cartesi,$0.104802,"$2,887,082","$68,408,731"
MVL,$0.003042748901,"$325,399","$68,166,320"
Hermez Network,$4.06,"$252,043","$67,817,808"
Fidu,$0.938333,"$1,524.71","$66,675,667"
Dent,$0.000692357413,"$11,727,296","$66,307,493"
Vulcan Forged,$2.77,"$3,995,683","$66,261,724"
WazirX,$0.145190,"$547,207","$66,237,517"
Acala,$0.115957,"$938,637","$66,203,576"
Request,$0.084864885503,"$1,219,841","$65,962,322"
Shentu,$0.744494,"$1,029,809","$65,489,286"
Coinmetro,$0.216284,"$2,367.63","$65,375,638"
Mdex,$0.069215301519,"$1,818,219","$65,093,035"
FUN Token,$0.006113562527,"$570,815","$64,884,472"
Ankr Staked ETH,"$1,158.50",-,"$64,487,464"
dKargo,$0.026370305862,"$799,998","$64,163,026"
My Neighbor Alice,$1.07,"$11,115,362","$63,411,575"
Medibloc,$0.011762639691,"$306,866","$63,309,637"
Mobox,$0.370939,"$2,391,668","$62,975,614"
Civic,$0.078179192764,"$32,031,377","$62,840,560"
Fetch.ai,$0.091022934995,"$6,672,214","$62,680,415"
REN,$0.062310227627,"$5,850,493","$62,364,920"
Steem,$0.146538,"$2,636,079","$62,052,471"
Pirate Chain,$0.317041,"$43,653.71","$61,873,079"
CEEK Smart VR,$0.075943919970,"$4,396,628","$61,616,995"
Chromia,$0.109044,"$5,666,519","$61,335,558"
Orbs,$0.021026128157,"$1,195,033","$61,256,312"
Bancor Network,$0.376583,"$37,333,151","$61,147,498"
IQ,$0.004392143426,"$15,528,018","$60,906,283"
xSUSHI,$1.27,"$23,800.54","$60,876,604"
Biswap,$0.164310,"$1,723,354","$59,514,989"
Blox,$0.088010235842,"$70,060.63","$59,386,399"
OriginTrail,$0.160087,"$1,117,378","$59,266,016"
Spell,$0.000537650020,"$3,469,122","$58,594,970"
Ampleforth,$1.37,"$621,013","$58,449,545"
COTI,$0.052186576241,"$4,164,764","$57,958,123"
TempleDAO,$0.974910,"$25,479.73","$57,951,236"
Dejitaru Tsuka,$0.057191319579,"$610,028","$57,310,638"
Bifrost,$0.052058367811,"$312,480","$56,689,611"
Stratis,$0.391492,"$824,478","$56,626,424"
cVault.finance,"$5,600.50","$11,485.36","$55,924,338"
Venus,$3.85,"$954,514","$55,859,008"
Coin98,$0.159858,"$4,507,542","$55,069,563"
e-Radix,$0.034168280228,"$180,339","$54,969,512"
Dopex,$235.12,"$104,301","$54,831,330"
Axelar,$0.503371,"$1,359,461","$54,783,284"
BitMEX,$0.548910,"$14,570.82","$54,753,440"
Maiar DEX,$0.000017603740,"$41,255.52","$54,624,829"
KILT Protocol,$0.483682,"$126,843","$54,592,529"
Celer Network,$0.009658345595,"$1,792,892","$54,500,243"
BoringDAO [OLD],$31.06,-,"$54,184,978"
Radio Caca,$0.000163136955,"$3,338,415","$53,955,439"
BENQI Liquid Staked AVAX,$11.56,"$234,123","$53,741,765"
Star Atlas DAO,$0.339123,"$258,358","$53,296,084"
Wrapped Centrifuge,$0.146856,"$59,465.59","$52,888,602"
Power Ledger,$0.122885,"$2,174,032","$52,794,834"
VeThor,$0.000918112501,"$517,518","$52,777,543"
Marlin,$0.007620102010,"$2,272,888","$52,758,089"
Liquity,$0.587357,"$305,792","$52,754,590"
Centrifuge,$0.145804,"$99,946.15","$52,553,566"
Velas,$0.021900875077,"$1,070,808","$52,469,688"
QuarkChain,$0.007692968117,"$18,640,253","$52,209,018"
NKN,$0.080186396922,"$2,476,940","$52,140,473"
MiL.k Alliance,$0.204072,"$1,127,847","$51,928,154"
MAI,$0.992805,"$1,660,014","$51,712,649"
Hashflow,$0.293964,"$15,103,042","$51,551,587"
SingularityNET,$0.044912697507,"$1,152,698","$51,511,572"
Phala Network,$0.108122,"$3,412,552","$51,330,810"
Hifi Finance,$0.005458463965,"$593,305","$51,323,415"
Iron Bank EURO,$1.07,$497.67,"$51,265,762"
XSGD,$0.748105,"$1,045,258","$50,987,743"
Dero,$4.01,"$122,082","$50,833,186"
Boba Network,$0.160345,"$1,617,388","$50,714,713"
Uquid Coin,$5.07,"$1,501,963","$50,688,421"
Volt Inu,$0.000000766180,"$951,513","$50,395,872"
World Mobile Token,$0.151958,"$832,078","$50,394,468"
inSure DeFi,$0.001900433002,"$423,494","$50,316,523"
Koda Cryptocurrency,$0.000031364387,"$1,433.38","$50,208,210"
Stargate Finance,$0.363846,"$1,822,341","$49,979,346"
Ultra,$0.181937,"$513,503","$49,144,921"
Alpha Venture DAO,$0.065349880713,"$2,341,447","$49,040,681"
Origin Dollar,$0.997238,$120.98,"$48,928,262"
Reef,$0.002324833322,"$5,514,161","$48,910,696"
Destablecoin HAY,$0.993091,-,"$48,533,373"
Galxe,$1.04,"$5,568,589","$48,508,299"
Clash of Lilliput,$0.589887,"$108,109","$48,303,438"
Serum,$0.130276,"$3,379,901","$48,248,539"
Everdome,$0.002240327643,"$4,223,621","$48,084,933"
Tokamak Network,$1.06,"$319,012","$47,541,043"
Rich Quack,$0.000000001072,"$4,226,223","$47,457,287"
Xido Finance,$1.68,"$5,839.01","$47,430,185"
SX Network,$0.136170,"$220,593","$47,414,570"
flexUSD,$0.240825,$136.59,"$47,286,997"
sUSD,$0.992008,"$2,582,694","$46,922,852"
Sun Token,$0.005170798217,"$5,091,206","$46,756,035"
Conflux,$0.022232439307,"$1,054,855","$46,558,569"
Euler,$3.43,"$805,201","$46,427,955"
MELD,$0.016017917321,"$1,065,833","$46,087,296"
Krypton DAO,$0.446614,"$12,886.74","$45,768,067"
DFI.money,"$1,149.24","$6,061,532","$45,664,410"
Revain,$0.000539424456,"$299,455","$45,661,269"
Marblex,$1.26,"$2,044,428","$45,562,573"
STP,$0.026087220457,"$2,179,585","$45,556,478"
Saitama,$0.001017351453,"$636,205","$45,485,118"
Concordium,$0.007169046232,"$567,217","$45,299,426"
Covalent,$0.099504631868,"$502,552","$45,056,388"
Beta Finance,$0.069418065383,"$1,798,061","$44,930,823"
Metal DAO,$0.694088,"$5,456,171","$44,870,755"
Verge,$0.002692867402,"$331,901","$44,477,880"
Hunt,$0.221066,"$683,797","$43,981,578"
JOE,$0.133846,"$870,747","$43,680,487"
Dopex Rebate,$32.80,"$273,808","$43,551,012"
Adshares,$1.23,"$1,299,093","$43,497,692"
Axion,$0.000009506151,"$5,165.45","$43,431,003"
Battle World,$0.652112,"$1,604,683","$43,254,324"
Origin Protocol,$0.086074073464,"$5,234,106","$43,243,012"
Everscale,$0.025062518258,"$1,419,734","$43,007,732"
Celo Dollar,$0.995369,"$255,132","$42,960,484"
CUBE,$0.061064343420,"$1,623.56","$42,878,321"
MrWeb Finance [OLD],$0.000203485849,-,"$42,806,771"
USDK,$0.999254,"$1,575,824","$42,434,415"
Zignaly,$0.006519444067,"$190,128","$42,062,845"
Lido Staked SOL,$10.79,"$91,371.73","$42,024,288"
Keep Network,$0.076485986101,"$2,324,883","$41,964,642"
Efinity,$0.074175064132,"$552,001","$41,808,658"
Dawn Protocol,$0.561838,"$703,868","$41,777,898"
Kujira,$0.419361,"$19,980.21","$41,595,621"
Instadapp ETH,"$1,275.22",$0.000000000000,"$41,099,557"
AscendEx,$0.054781955855,"$1,733,396","$40,702,091"
Fei USD,$0.992789,"$74,857.60","$40,695,980"
Ronin,$0.271964,"$334,032","$40,680,515"
ARK,$0.238745,"$1,647,839","$40,620,419"
Alien Worlds,$0.012144435722,"$4,701,943","$40,416,369"
DEI,$1.00,"$47,459.52","$39,961,420"
Orchid Protocol,$0.067201315514,"$1,071,929","$39,763,067"
Neutrino USD,$0.399594,"$16,506.70","$39,616,519"
DODO,$0.094680753158,"$2,133,417","$39,577,019"
StormX,$0.003589672724,"$436,232","$39,498,103"
XYO Network,$0.003115306561,"$735,160","$39,467,025"
Aavegotchi,$0.978043,"$1,172,658","$38,889,238"
Aergo,$0.089925402123,"$6,803,164","$38,861,079"
Alchemy Pay,$0.007838716017,"$6,348,690","$38,776,334"
Divi,$0.012039788737,"$271,517","$38,709,575"
Badger DAO,$2.12,"$3,370,686","$38,602,898"
RSK Infrastructure Framework,$0.040985695438,"$106,450","$38,316,899"
Minted,$0.241805,"$43,677.39","$38,177,769"
Akash Network,$0.192612,"$740,292","$38,051,847"
SOMESING Exchange,$0.013809384513,"$177,211","$37,461,592"
Alpaca Finance,$0.244603,"$632,836","$37,386,858"
Sweatcoin - Sweat Economy,$0.010385719704,"$201,730","$37,257,690"
AXEL,$0.165848,"$1,883.54","$37,115,323"
Saito,$0.016941107620,"$251,659","$36,993,485"
HyperCash,$0.079306441051,"$37,307.53","$36,981,427"
Moonriver,$6.16,"$2,013,301","$36,684,065"
Morpheus Network,$0.975401,"$255,487","$36,587,745"
GMT Token,$0.084654557908,"$1,165,875","$35,982,760"
chrono.tech,$50.52,"$97,262.62","$35,831,022"
COCOS BCX,$0.504045,"$1,547,486","$35,751,805"
Storj,$0.248611,"$4,223,816","$35,734,242"
MovieBloc,$0.002307769224,"$679,323","$35,600,109"
Utrust,$0.075636611214,"$1,728,832","$35,543,422"
Electroneum,$0.001981853617,"$22,448.70","$35,512,832"
XCAD Network,$1.02,"$1,329,788","$35,379,712"
Seedify.fund,$0.787860,"$2,860,093","$35,320,754"
Talken,$0.183305,"$151,124","$35,128,466"
PLEX,$0.113381,"$633,208","$34,995,946"
Wanchain,$0.177270,"$1,151,387","$34,760,399"
Perpetual Protocol,$0.366548,"$2,074,062","$34,681,099"
Snowbank,$215.90,$17.24,"$34,466,525"
AVINOC,$0.206048,"$376,105","$34,389,977"
EverGrow Coin,$0.000000073922,"$16,002.88","$34,362,137"
Polkastarter,$0.343310,"$2,157,621","$34,112,340"
DUSK Network,$0.082440824128,"$1,113,221","$34,093,374"
Telos,$0.114542,"$1,979,954","$34,066,494"
Kishu Inu,$0.000000000350,"$360,708","$33,910,039"
Rootkit,"$1,048.45",-,"$33,886,808"
Kunci Coin,$0.027457308914,"$1,074,854","$33,844,738"
Unidef,$0.000196444365,"$125,298","$33,830,987"
Loom Network (OLD),$0.040436179762,"$312,326","$33,720,238"
Vega Protocol,$0.874333,"$296,934","$33,517,835"
Refinable,$0.004857804302,"$26,521.99","$33,475,832"
LeisureMeta,$0.332108,"$190,464","$33,209,010"
Augur,$4.26,"$1,084,686","$32,935,453"
Cortex,$0.159089,"$2,215,636","$32,795,648"
Poollotto.finance,$2.78,$53.39,"$32,579,598"
Aura BAL,$12.08,"$15,142.01","$32,549,990"
Doge Killer,$301.86,"$924,771","$32,493,863"
PlatON Network,$0.009896582030,"$527,329","$32,485,389"
Bean,$0.957624,"$18,262.88","$32,324,549"
XMON,"$12,709.85","$405,668","$31,926,310"
BOX Token,$0.005005577271,-,"$31,921,670"
Strike,$9.02,"$571,442","$31,671,719"
Metars Genesis,$1.37,"$588,590","$31,614,019"
Bolide,$0.020967854935,"$66,650.12","$31,539,118"
ThunderCore,$0.003092080404,"$1,339,850","$31,235,130"
GXChain,$0.416205,"$3,265.58","$31,219,047"
Meter Governance,$1.85,"$344,093","$31,043,638"
RAI Finance,$0.078816401623,"$306,617","$30,925,592"
Defigram,$3.07,"$4,496.31","$30,724,075"
Yield Guild Games,$0.165446,"$3,156,513","$30,648,892"
Stargaze,$0.022861499320,"$41,534.40","$30,608,076"
Gods Unchained,$0.197631,"$1,268,163","$30,606,398"
Automata,$0.091791323803,"$878,606","$30,412,110"
GameFi,$5.89,"$74,188.58","$30,294,310"
Metadium,$0.017945115386,"$583,789","$30,279,281"
Flamingo Finance,$0.072124728264,"$513,102","$30,111,867"
Star Atlas,$0.002808696597,"$759,495","$29,652,450"
Tellor,$12.21,"$2,601,771","$29,503,973"
Cap,$294.82,"$12,338.52","$29,490,329"
UFO Gaming,$0.000001131305,"$311,130","$29,124,215"
Travala.com,$0.551175,"$637,197","$28,898,028"
Bit2Me,$0.007498569378,"$186,063","$28,714,018"
Rally,$0.007699679835,"$1,452,311","$28,641,420"
TrueFi,$0.027649199131,"$479,779","$28,585,156"
GAMI World,$0.798749,"$3,370,002","$28,535,716"
INSTAR,$0.034683991450,$34.68,"$28,520,817"
CargoX,$0.169274,"$5,155.89","$28,306,021"
Litentry,$0.711567,"$2,249,469","$28,211,600"
Ethernity Chain,$1.70,"$1,530,438","$28,094,739"
agEUR,$1.07,"$590,341","$28,093,392"
Beefy.Finance,$350.18,"$595,364","$28,014,023"
Efforce,$0.045096507331,"$244,830","$27,966,325"
Aeternity,$0.068345300279,"$183,297","$27,965,279"
Aura Finance,$1.59,"$36,198.23","$27,928,933"
Gas,$2.01,"$1,398,705","$27,922,775"
CANTO,$0.069995440728,"$2,305,470","$27,816,606"
League of Kingdoms,$0.354096,"$2,105,810","$27,741,039"
Keep3rV1,$60.36,"$1,570,590","$27,663,181"
KardiaChain,$0.006193321448,"$1,296,744","$27,612,914"
Enzyme,$18.91,"$574,925","$27,488,858"
Revolution Populi,$0.022824356494,"$905,539","$27,402,851"
LTO Network,$0.066578815069,"$1,016,464","$27,378,287"
Dola,$1.00,"$30,962.33","$27,150,885"
Regen,$0.183812,"$3,948.32","$27,045,903"
Swarm,$0.430774,"$185,155","$26,966,055"
Bounce,$4.05,"$3,458,786","$26,880,477"
Coinweb,$0.012708998630,"$42,408.22","$26,827,835"
HUSD,$0.142829,"$7,802.41","$26,819,160"
Euro Coin,$1.07,"$263,219","$26,735,690"
Metahero,$0.003400140435,"$555,067","$26,725,139"
Groestlcoin,$0.323620,"$413,369","$26,421,374"
IDEX,$0.037379243035,"$1,984,520","$26,388,415"
Chainge Finance,$0.071529013877,"$388,277","$26,325,011"
ARPA,$0.026734385757,"$4,697,235","$26,266,256"
Celo Euro,$1.07,"$15,101.94","$26,243,791"
Railgun,$0.455252,"$126,566","$26,181,776"
RAMP [OLD],$0.063595129812,"$7,234.29","$26,141,103"
Inari,$0.000123050418,-,"$25,984,026"
Cere Network,$0.005792203598,"$394,427","$25,949,812"
BarnBridge,$3.28,"$1,155,573","$25,911,271"
Cult DAO,$0.000005862665,"$955,448","$25,897,295"
Ferro,$0.031183220111,"$40,872.51","$25,870,864"
H2O Dao,$0.114982,"$142,446","$25,839,688"
Choise.com,$0.917076,"$125,728","$25,824,093"
Forta,$0.131326,"$368,760","$25,748,972"
Step App,$0.022085867958,"$1,143,635","$25,695,963"
KI,$0.059107078477,"$2,976.73","$25,648,652"
Neblio,$1.30,"$540,537","$25,621,681"
CloutContracts,$2.36,"$7,578.70","$25,581,820"
A Hunters Dream,$0.000000039835,"$755,696","$25,367,674"
Steem Dollars,$2.13,"$126,343","$25,308,039"
BakerySwap,$0.130985,"$1,325,791","$25,218,972"
DIA,$0.278106,"$1,337,305","$25,200,465"
StarLink,$0.000002519715,"$1,130,873","$25,154,927"
Bytom,$0.014091157978,"$468,130","$25,086,888"
Ampleforth Governance,$2.89,"$2,000,713","$25,023,293"
LCX,$0.032279686766,"$596,443","$25,021,905"
THORSwap,$0.254135,"$131,504","$24,984,931"
Orion Protocol,$0.722819,"$453,548","$24,826,146"
BNB48 Club,$7.27,"$17,437.53","$24,700,565"
Reserve,$0.890091,"$54,624.61","$24,680,255"
Komodo,$0.181894,"$438,533","$24,654,405"
cBAT,$0.003497846953,"$674,794","$24,542,858"
Hxro,$0.053145002288,"$27,552.17","$24,140,324"
ICHI,$3.92,"$404,703","$24,137,317"
Unifi Protocol DAO,$3.78,"$3,110,817","$23,918,545"
FEG BSC,$0.000000000573,"$29,586.98","$23,627,953"
Raydium,$0.139008,"$1,766,133","$23,613,048"
Bella Protocol,$0.395207,"$955,514","$23,438,369"
TomoChain,$0.260024,"$1,313,653","$23,428,511"
Clover Finance,$0.052681222792,"$7,528,861","$23,336,927"
Unibright,$0.154918,"$93,956.23","$23,239,229"
SuperVerse,$0.080643482422,"$1,423,337","$23,158,288"
Qredo,$0.102712,"$419,313","$23,151,824"
Alchemix,$13.80,"$401,518","$23,092,424"
Carry,$0.002617734151,"$172,214","$23,080,935"
Alpine F1 Team Fan Token,$2.03,"$578,406","$23,076,554"
Linear,$0.005009942417,"$2,886,243","$23,022,595"
Verus Coin,$0.334969,"$8,316.14","$22,958,879"
Wilder World,$0.238409,"$372,360","$22,894,153"
Pluton,$8.92,"$157,862","$22,868,303"
LeverFi,$0.001631701213,"$5,838,238","$22,828,746"
GYEN,$0.007532963641,"$39,900.24","$22,800,163"
Ethereum Meta,$0.000000000023,$321.21,"$22,780,111"
Verasity,$0.002199216276,"$2,341,487","$22,776,039"
BitShares,$0.008401711369,"$1,820,153","$22,762,061"
Globiance Exchange,$0.000000059727,"$154,635","$22,731,067"
Impossible Finance Launchpad,$0.032719365095,"$4,694.17","$22,724,690"
Hydra,$1.48,"$43,785.80","$22,613,603"
SONM,$0.505097,"$10,051,017","$22,436,402"
Firmachain,$0.038276422473,"$26,917,277","$22,387,439"
Sport and Leisure,$0.091459760818,-,"$22,383,379"
UXD Protocol,$0.005622482486,$59.79,"$22,159,198"
xoloitzcuintli,$0.000289748919,"$3,983,502","$21,731,715"
Cronos ID,$0.254543,"$9,499.34","$21,719,257"
Klever,$0.002428495414,"$445,717","$21,709,101"
DeFi Kingdoms,$0.191171,"$88,316.77","$21,650,482"
Astrafer,$1.54,"$6,694.57","$21,647,175"
REI Network,$0.022423958795,"$2,998,568","$21,539,945"
AIOZ Network,$0.032269011645,"$268,341","$21,508,511"
Mossland,$0.055709144330,"$1,539,903","$21,368,793"
FEG,$0.000000000529,"$319,398","$21,200,897"
cUNI,$0.106253,"$818,771","$21,142,745"
Refereum,$0.004339718479,"$255,045","$21,132,146"
IX,$0.273138,"$82,979.04","$21,122,095"
FUSION,$0.290953,"$365,373","$21,095,598"
Adventure Gold,$0.271328,"$4,272,030","$21,009,952"
Mirror Protocol,$0.134304,"$7,065,163","$20,990,525"
Ion,$984.32,"$4,279.28","$20,985,051"
Maple,$2.70,"$314,692","$20,917,315"
Paris Saint-Germain Fan Token,$5.42,"$1,923,326","$20,833,395"
Quickswap [OLD],$45.19,"$1,447,373","$20,826,385"
Wrapped NXM,$7.99,"$1,106,091","$20,547,883"
TokenPocket Token,$0.005919115915,"$23,012.00","$20,517,834"
Propy,$0.351495,"$231,215","$20,297,567"
BENQI,$0.006217032830,"$3,115,778","$20,175,062"
Vai,$0.980737,$279.10,"$20,126,036"
Umami,$28.68,"$261,685","$20,051,934"
DXdao,$541.17,"$55,479.50","$19,945,104"
sETH,"$1,229.62","$1,335,040","$19,920,249"
VIDT DAO,$0.025598365166,"$704,595","$19,730,346"
FIO Protocol,$0.027216081432,"$910,823","$19,702,283"
Harvest Finance,$29.34,"$310,388","$19,605,948"
Alpha Quark,$0.734269,"$9,559,467","$19,583,343"
Aurora,$0.160294,"$819,557","$19,516,343"
AllianceBlock,$0.042179389685,"$307,110","$19,440,576"
Bitcoin Diamond,$0.102750,"$45,837.60","$19,348,821"
Mango,$0.018218613543,"$54,104.62","$19,319,559"
Boson Protocol,$0.179405,"$914,631","$19,281,889"
Guild of Guardians,$0.058391740513,"$473,833","$19,239,998"
Lazio Fan Token,$2.95,"$3,248,159","$19,111,665"
VitaDAO,$0.818200,"$29,358.20","$19,095,157"
Sphere Finance,$0.002479718005,"$8,626.86","$19,038,791"
Exosama Network,$0.042982972130,"$51,034.66","$19,038,090"
Shiden Network,$0.332764,"$65,452.27","$18,980,259"
Ellipsis [OLD],$0.027098176910,$384.65,"$18,927,084"
Kava Lend,$0.140057,"$267,817","$18,882,731"
Proton,$0.001356133549,"$744,926","$18,879,167"
FC Barcelona Fan Token,$3.49,"$1,624,878","$18,857,789"
Santos FC Fan Token,$4.36,"$8,858,989","$18,692,779"
Sai,$6.18,-,"$18,680,691"
Gitcoin,$1.31,"$1,539,862","$18,656,076"
Nuls,$0.185360,"$1,846,825","$18,630,931"
IRISnet,$0.012665568270,"$314,105","$18,454,008"
ONBUFF,$0.023989029317,"$505,181","$18,430,704"
Phoenix Global,$0.496947,"$1,876,702","$18,326,552"
Unizen,$0.071685025740,"$521,830","$18,275,887"
Firo,$1.53,"$728,910","$18,244,026"
Manifold Finance,$11.78,"$40,502.54","$18,218,678"
bZx Protocol,$0.031238985673,"$1,147.28","$18,169,853"
ECOx,$0.830549,"$70,285.18","$18,065,228"
DeGate,$0.096451771786,-,"$17,973,020"
Bitcicoin,$0.002291430870,"$436,506","$17,850,549"
ZoidPay,$0.054397018123,"$46,822.22","$17,759,369"
Tranchess,$0.182908,"$1,721,235","$17,736,837"
Vite,$0.018811071678,"$378,579","$17,682,421"
Bonfida,$0.292297,"$1,166,802","$17,636,588"
UniLend Finance,$0.281289,"$1,042,619","$17,536,642"
Bluzelle,$0.049351010169,"$724,147","$17,525,260"
Rarible,$1.51,"$86,809.19","$17,520,433"
Toucan Protocol: Base Carbon Tonne,$0.956207,"$188,520","$17,515,046"
holoride,$0.036417190533,"$36,267.40","$17,491,182"
Streamr,$0.022667568989,"$100,493","$17,402,590"
GensoKishi Metaverse,$0.132205,"$274,863","$17,378,057"
Manchester City Fan Token,$4.00,"$1,484,945","$17,325,418"
Elastos,$0.808020,"$167,003","$17,270,369"
SelfKey,$0.002871879470,"$660,855","$17,251,511"
Qmall,$0.384818,"$745,671","$17,235,482"
DeFi Pulse Index,$57.64,"$88,454.68","$17,230,573"
Redacted,$105.73,"$288,830","$17,087,664"
Tokocrypto,$0.227577,"$1,644,778","$17,051,233"
MAP Protocol,$0.007644850357,"$176,364","$17,037,496"
Hegic,$0.015819864850,"$194,390","$17,007,984"
TOR,$0.995885,"$160,179","$17,000,713"
GET Protocol,$1.07,"$129,791","$16,995,863"
RMRK,$1.78,"$69,935.39","$16,918,650"
MATH,$0.105781,"$136,983","$16,915,365"
Ultiledger,$0.008801059968,-,"$16,894,394"
Auto,$222.99,"$1,484,165","$16,883,111"
IMPT,$0.013546337810,"$1,016,814","$16,845,921"
dForce,$0.038419193995,"$933,190","$16,840,645"
BurgerCities,$0.504787,"$760,324","$16,789,455"
GuildFi,$0.082616321345,"$2,204,451","$16,673,135"
Bezoge Earth,$0.000000000385,"$15,629.27","$16,640,367"
BitMart,$0.093970058347,"$2,111,617","$16,551,214"
Umee,$0.007120316560,"$450,110","$16,514,717"
Kleros,$0.024542223177,"$129,053","$16,504,693"
Router Protocol,$1.68,"$1,058,805","$16,463,756"
Phantasma,$0.151214,"$183,048","$16,292,597"
MANTRA,$0.028166050532,"$247,696","$16,098,986"
Advertise Coin,$0.356943,"$20,800.13","$16,062,416"
StakeWise,$0.092895873884,"$615,159","$16,042,689"
Pintu,$0.393925,"$7,128.33","$15,940,418"
pSTAKE Finance,$0.068510208129,"$512,348","$15,940,031"
Leonicorn LEON,$0.003874097132,"$65,820.53","$15,925,201"
Frontier,$0.181713,"$4,260,336","$15,890,423"
Streamr XDATA,$0.022766480679,"$152,818","$15,858,505"
Tamadoge,$0.015048853921,"$1,170,478","$15,795,432"
Robo Inu Finance,$0.000000000272,"$25,471.80","$15,788,985"
PinkSale,$157.03,$368.62,"$15,703,199"
Goldfinch,$0.471629,"$103,617","$15,669,608"
Ambire AdEx,$0.109740,"$537,407","$15,644,161"
Drep,$0.319205,"$6,447,276","$15,584,584"
Wing Finance,$5.09,"$342,775","$15,523,290"
BOB,$1.00,"$1,610,776","$15,511,056"
Itheum,$0.044115358111,"$6,401.13","$15,393,989"
JasmyCoin,$0.003230675685,"$75,441,470","$15,364,190"
Lyra Finance,$0.067996131522,"$95,454.91","$15,308,423"
Sentinel Protocol,$0.046597532081,"$1,354,885","$15,287,930"
Contentos,$0.004434363334,"$1,071,275","$15,207,594"
Zipmex,$0.170955,"$43,398.02","$15,143,322"
Tokemak,$0.832270,"$163,489","$14,957,158"
Stratos,$0.550439,"$102,656","$14,888,746"
AirSwap,$0.086129797626,"$416,939","$14,839,912"
Yield App,$0.072277368081,"$196,397","$14,710,616"
Dagger,$0.012146864993,"$8,088.60","$14,587,825"
Kin,$0.000006876740,"$81,229.21","$14,563,687"
SuperRare,$0.099762268351,"$2,304,636","$14,463,733"
Artificial Liquid Intelligence,$0.009005752930,"$119,909","$14,455,662"
Tokenlon,$0.568639,"$427,418","$14,403,926"
AirDAO,$0.011879402161,"$412,931","$14,390,198"
BEAM,$0.109797,"$1,495,753","$14,286,557"
YUSD Stablecoin,$1.00,"$152,685","$14,147,678"
Jade Protocol,$14.91,"$25,251.20","$14,107,668"
Stafi,$0.250172,"$973,970","$14,088,451"
PARSIQ,$0.078925878548,"$791,335","$14,040,448"
VeraOne,$58.79,"$20,054.78","$13,996,061"
Circuits of Value,$0.007838985148,"$155,967","$13,996,051"
Boosted LUSD,$1.20,"$482,525","$13,931,222"
Frax Price Index Share,$1.04,"$61,982.02","$13,856,648"
HAPI,$19.65,"$976,465","$13,835,201"
Handshake,$0.024823495873,"$56,329.05","$13,825,477"
BigShortBets,$1.43,$63.53,"$13,798,714"
district0x,$0.018248921261,"$468,074","$13,790,613"
Gifto,$0.020773810683,"$2,627,199","$13,778,593"
CateCoin,$0.000000400069,"$276,827","$13,762,204"
Mute,$0.342591,"$164,654","$13,703,852"
DexTools,$0.132223,"$375,207","$13,657,437"
Cratos,$0.000276251443,"$1,043,889","$13,626,070"
Syntropy,$0.028586154595,"$539,821","$13,618,163"
Yoshi.exchange,$0.110778,"$7,950.22","$13,577,534"
Aion,$0.026364580825,"$378,673","$13,527,153"
Stake DAO,$0.299667,"$71,579.77","$13,468,538"
Ooki,$0.003065018122,"$644,713","$13,359,908"
Dogechain,$0.000987777125,"$888,380","$13,357,456"
Walken,$0.040114695372,"$2,088,254","$13,346,072"
MUX Protocol,$3.50,"$2,668.36","$13,305,074"
Cosplay Token,$0.034784456626,"$103,547","$13,281,546"
PIVX,$0.186786,"$644,984","$13,260,724"
Trustswap,$0.167793,"$158,148","$13,187,220"
Petals,$0.001362340127,"$12,333.66","$13,144,192"
Presearch,$0.033140147683,"$67,696.91","$13,141,428"
AMO Coin,$0.000692825351,"$90,610.06","$13,113,987"
Decentral Games,$0.021131853019,"$312,130","$13,002,793"
The Virtua Kolect,$0.029939190910,"$2,572,746","$12,997,859"
Mirrored Ether,$56.20,$0.000000000000,"$12,868,375"
Obyte,$15.36,"$11,506.63","$12,743,597"
Interest Compounding ETH Index,"$1,196.35","$21,477.44","$12,694,902"
Klima DAO,$1.60,"$80,146.83","$12,670,104"
Freeway,$0.001871190179,"$27,286.91","$12,653,331"
MixMarvel,$0.002441732252,"$75,411.74","$12,566,899"
Viberate,$0.068674761908,"$946,912","$12,544,515"
Law Blocks,$0.166195,"$192,280","$12,471,819"
Zenon,$1.36,$78.01,"$12,447,388"
Spookyswap,$1.25,"$128,279","$12,380,289"
Nym,$0.180204,"$1,157,528","$12,368,889"
Fuse,$0.058743607294,"$419,305","$12,324,790"
HOPR,$0.056068672142,"$330,804","$12,300,717"
Victoria VR,$0.005332267237,"$891,108","$12,265,576"
Particl,$0.955551,$40.90,"$12,183,026"
ApolloX,$0.027779097242,"$584,219","$12,152,596"
ParaSwap,$0.029587133663,"$41,409.64","$12,089,888"
Karura,$0.161016,"$431,280","$12,078,425"
DEAPCOIN,$0.002507541934,"$846,072","$12,052,931"
Cypherium,$0.022306352831,"$3,721.00","$12,040,344"
Wise,$0.099712867082,"$623,168","$12,012,552"
FutureCoin,$0.327238,"$66,604.08","$11,960,819"
DEUS Finance,$97.40,"$275,714","$11,886,996"
Measurable Data,$0.019494679840,"$396,804","$11,817,261"
Prosper,$0.413919,"$1,241,658","$11,727,241"
Aleph.im,$0.062877385317,"$84,632.59","$11,697,696"
Kyber Network Crystal Legacy,$0.459507,"$44,785.55","$11,652,136"
SingularityDAO,$0.176890,"$231,725","$11,548,109"
Energi,$0.192732,"$143,878","$11,525,181"
Thales,$0.357195,"$19,303.64","$11,346,592"
Vesta Stable,$1.00,"$69,237.07","$11,183,635"
Clearpool,$0.033143000460,"$335,123","$11,127,256"
Octopus Network,$0.174152,"$795,817","$11,111,397"
Rook,$13.62,"$102,574","$11,098,642"
Nimiq,$0.001093382985,"$62,641.62","$11,058,890"
Arsenal Fan Token,$2.11,"$1,967,184","$11,034,152"
UniDex,$3.07,"$100,080","$10,991,745"
EverRise,$0.000153440538,"$7,995.89","$10,976,370"
SideShift,$0.114399,"$4,446.31","$10,964,003"
Shina Inu,$0.000000769712,"$49,641.07","$10,868,903"
Vectorspace AI,$0.284055,"$25,604.88","$10,848,956"
Dora Factory,$3.01,"$886,466","$10,838,086"
DeRace,$0.130087,"$116,303","$10,786,335"
Splintershards,$0.021989611722,"$587,127","$10,775,253"
SERO,$0.028461384898,"$51,967.94","$10,773,272"
AurusDeFi,$3.21,-,"$10,735,952"
Anchor Protocol,$0.030527101506,"$1,735,807","$10,700,866"
Gari Network,$0.050241716398,"$1,146,806","$10,685,827"
Media Licensing Token,$0.080608684017,"$447,093","$10,678,821"
Wonderland TIME,$12.09,"$2,686.23","$10,677,056"
Aventus,$1.15,"$34,596.91","$10,629,147"
Alkimi,$0.103730,"$73,163.03","$10,608,310"
Shiba Predator,$0.000000017655,"$306,463","$10,592,970"
PowerPool Concentrated Voting Power,$0.337028,"$6,212,202","$10,520,399"
Polkadex,$1.41,"$223,335","$10,508,027"
veCRV-DAO yVault,$0.511753,-,"$10,490,748"
SOLVE,$0.021375668574,"$419,228","$10,474,455"
BOSAGORA,$0.032985470539,"$233,620","$10,461,743"
Yuan Chain Coin,$0.002104928202,$403.44,"$10,447,892"
TOKPIE,$0.131585,"$6,049.48","$10,433,853"
Luffy,$0.000000000154,"$467,124","$10,425,833"
Crust Network,$0.590871,"$233,421","$10,411,349"
Carbon Protocol,$0.006037288582,"$23,101.26","$10,389,482"
Hathor,$0.042990951548,"$202,708","$10,378,509"
xFUND,"$1,021.26","$79,376.27","$10,227,827"
Haven,$0.669469,"$171,455","$10,224,563"
Orca,$0.432323,"$126,225","$10,216,846"
Galatasaray Fan Token,$2.49,"$2,005,788","$10,216,365"
Velo,$0.002044385247,"$3,960,824","$10,188,984"
Oxen,$0.165921,"$162,057","$10,176,560"
Instadapp USDC,$1.09,$0.000000000000,"$10,142,685"
Crescent Network,$0.060527463399,"$1,987.86","$10,140,129"
LockTrip,$0.613818,"$99,993.42","$10,134,859"
JPEG'd,$0.000485429550,"$471,101","$10,105,720"
Tectonic,$0.000000082803,"$178,305","$10,083,397"
ParagonsDAO,$0.080925325891,$660.87,"$10,051,255"
ShapeShift FOX,$0.024079164958,"$54,354.53","$10,012,377"
mStable USD,$1.00,"$7,138.23","$9,995,289"
PolySwarm,$0.006453190788,"$278,874","$9,976,574"
Crypto Gladiator Shards,$0.010297984613,"$143,167","$9,869,765"
RFOX,$0.005539492454,"$87,029.13","$9,766,135"
ZKSpace,$0.043715933549,"$1,595,804","$9,764,662"
RSS3,$0.103926,"$637,267","$9,666,603"
Vertcoin,$0.147002,"$74,271.85","$9,647,420"
AC Milan Fan Token,$2.30,"$383,173","$9,591,993"
RIZON,$0.004939409948,"$117,183","$9,591,545"
Index Coop - ETH 2x Flexible Leverage Index,$5.82,"$5,781.68","$9,587,847"
Vaiot,$0.048562387154,"$968,604","$9,532,081"
Samoyedcoin,$0.002672065941,"$666,077","$9,509,801"
Arcblock,$0.096582646363,"$108,073","$9,502,861"
Callisto Network,$0.002921742896,"$73,077.85","$9,449,490"
Dacxi,$0.002518991994,"$243,364","$9,403,622"
Gelato,$0.144102,"$119,135","$9,395,342"
KOMPETE Token,$0.014999253986,"$7,591.42","$9,378,358"
Affyn,$0.038744836628,"$386,995","$9,322,862"
Peercoin,$0.333191,"$2,388.68","$9,308,483"
ZigZag,$0.608034,"$93,623.22","$9,299,741"
Phonon DAO,$0.001312830448,"$1,651.19","$9,280,924"
Aurox,$20.19,"$166,795","$9,261,513"
Cornucopias,$0.013462228284,"$31,468.78","$9,239,476"
ApeSwap,$0.050997978031,"$86,159.52","$9,221,862"
XANA,$0.039672109734,"$338,992","$9,206,841"
FibSwap DEX,$0.035009083249,$39.02,"$9,179,048"
Gearbox,$0.012305915105,"$753,006","$9,168,524"
VICUNA,$0.068996496909,"$172,176","$9,163,245"
Zus,$0.189395,"$22,244.78","$9,146,215"
KRYLL,$0.249896,"$76,270.23","$9,114,450"
Meta Apes PEEL,$0.060463437861,"$565,247","$9,109,958"
MagicCraft,$0.004100237097,"$737,252","$9,061,197"
SIX Network,$0.033057423760,"$167,573","$9,050,256"
STEPN Green Satoshi Token on Solana,$0.013861476232,"$413,089","$9,036,825"
Woonkly Power,$0.021335863250,"$115,154","$8,983,866"
Pundi X [OLD],$0.000037925189,$0.000000000000,"$8,970,039"
ForTube,$0.015828156263,"$928,239","$8,923,382"
Solend,$0.295067,"$18,615.63","$8,912,741"
Juventus Fan Token,$2.60,"$772,299","$8,876,699"
Rai Reflex Index,$2.83,"$254,979","$8,848,948"
Somnium Space CUBEs,$0.596730,"$11,686.49","$8,839,388"
OG Fan Token,$2.34,"$1,942,478","$8,805,833"
Mancium,$0.875158,"$378,761","$8,747,568"
Hoge Finance,$0.000021108992,"$31,208.68","$8,743,716"
Mysterium,$0.268817,"$2,043.46","$8,673,077"
pNetwork,$0.134903,"$1,567,952","$8,672,117"
AtPay,$0.288548,$2.77,"$8,656,377"
Lunr,$0.093631843994,"$505,769","$8,647,247"
renBTC,"$18,378.01","$10,165.01","$8,629,395"
Cryptex Finance,$2.31,"$72,452.92","$8,595,980"
Pallapay,$0.011291385078,"$30,374.43","$8,571,144"
Grin,$0.068804093914,"$865,123","$8,567,280"
Receive Access Ecosystem,$1.18,$719.24,"$8,554,338"
Rupiah Token,$0.000063764909,"$36,823.77","$8,509,303"
UniCrypt,$235.30,"$41,187.69","$8,505,771"
Hacken HAI,$0.015209997307,"$1,520,903","$8,483,905"
WXT Token,$0.003688791846,"$32,445.52","$8,476,520"
TE-FOOD,$0.014334956302,"$82,171.85","$8,470,503"
DigixDAO,$115.85,-,"$8,439,427"
Dego Finance,$1.55,"$1,167,571","$8,407,453"
Decentral Games Governance,$0.023512244676,"$2,123.85","$8,365,841"
sEUR,$1.07,"$13,789.57","$8,359,330"
Cudos,$0.002166501276,"$686,591","$8,335,784"
Oath,$0.081865985804,"$113,119","$8,322,373"
Adappter,$0.007340733796,"$1,218,365","$8,313,468"
Lattice,$0.258252,"$35,399.55","$8,288,269"
Lossless,$0.140330,"$92,978.48","$8,208,147"
Quantstamp,$0.011444610243,"$807,925","$8,200,927"
Marinade,$0.056735142072,"$90,526.26","$8,196,736"
WaykiChain,$0.039005330291,"$69,103.33","$8,192,523"
Yieldification,$0.017628452866,"$43,412.75","$8,175,271"
r/CryptoCurrency Moons,$0.073487607640,"$17,969.64","$8,129,371"
Strips Finance,$0.485436,"$20,896.80","$8,092,036"
ZB,$0.137375,$522.63,"$8,088,068"
Inverse Finance,$34.04,"$303,218","$8,083,992"
Hector Network,$3.33,"$223,347","$8,069,266"
Sylo,$0.001939039549,"$692,708","$8,057,488"
Findora,$0.001175271775,"$282,862","$8,033,697"
cWBTC,$333.33,$0.000000000000,"$8,021,360"
Firebird,$0.069074514279,"$249,746","$7,996,779"
Cream,$10.40,"$503,735","$7,980,818"
Opulous,$0.047209236198,"$289,071","$7,980,481"
ApeX,$0.265467,"$1,408,707","$7,942,246"
USD+,$1.00,"$63,925.81","$7,886,995"
Crypto Carbon Energy,$0.388830,"$71,276.79","$7,884,150"
GridPlus [OLD],$0.200490,-,"$7,872,528"
DerivaDAO,$0.299570,"$31,709.31","$7,813,684"
GoChain,$0.006483289537,"$54,030.36","$7,809,037"
Newscrypto Coin,$0.053120896950,"$2,225,811","$7,803,072"
Reddcoin,$0.000249961020,"$3,768.64","$7,771,466"
Sperax,$0.004972885763,"$65,710.26","$7,740,911"
Quantum Resistant Ledger,$0.100703,$24.49,"$7,740,326"
XDEFI,$0.094062826665,"$544,081","$7,699,853"
Ovr,$0.314839,"$1,109,066","$7,698,266"
Civilization,$0.025816057172,"$36,654.56","$7,687,683"
Shadow Token,$0.060284444104,"$55,558.39","$7,665,352"
Bitcoin 2,$0.424699,$0.020810264793,"$7,625,163"
Rhino.fi,$0.630774,"$119,672","$7,624,220"
NUM Token,$0.026981275985,"$699,112","$7,556,828"
Apollo,$0.000513693536,"$644,429","$7,544,974"
Lootex,$0.580197,"$231,129","$7,543,225"
Electra Protocol,$0.000426909573,"$2,416.24","$7,518,912"
hi Dollar,$0.027955166567,"$922,197","$7,481,498"
Diamond,$2.01,"$12,485.20","$7,481,079"
Dollars,$1.55,-,"$7,480,127"
CoW Protocol,$0.062523748737,"$6,145.29","$7,478,660"
Instadapp,$0.416586,"$4,668.07","$7,476,260"
Bitrue Coin,$0.028620836543,"$1,910,072","$7,461,283"
Era Swap,$0.004400993290,"$80,000.76","$7,410,388"
Vita Inu,$0.000000009738,"$1,611,189","$7,396,040"
Parrot USD,$0.995928,"$43,745.99","$7,378,569"
Invictus,$27.16,"$3,386.00","$7,338,080"
Unisocks,"$24,284.71","$17,091.11","$7,312,538"
DappRadar,$0.008943636572,"$259,186","$7,286,302"
Index Cooperative,$1.61,"$323,862","$7,283,813"
Pandacoin,$0.000207243876,$113.09,"$7,223,257"
Kepple,$0.030071434709,"$433,084","$7,216,989"
Sportium,$0.035918571273,"$749,424","$7,198,733"
Comdex,$0.086636184733,"$17,208.22","$7,168,768"
Global Coin Research,$0.716405,"$2,749.65","$7,166,112"
Comtech Gold,$58.64,"$968,567","$7,162,965"
WHALE,$0.782688,"$264,350","$7,159,296"
Earthcoin,$0.000554143016,-,"$7,144,170"
Retreeb,$0.012272464453,"$378,234","$7,140,314"
SaucerSwap,$0.022582583868,"$81,711.27","$7,097,061"
Offshift,$1.06,"$177,003","$7,054,530"
Quadrant Protocol,$0.012930494175,$843.77,"$7,026,489"
Memetic,$0.167838,"$2,586.50","$7,020,415"
OAX,$0.125727,"$364,125","$7,014,204"
SWFTCOIN,$0.001077335335,"$707,959","$7,010,277"
ScPrime,$0.133357,"$4,663.42","$6,975,590"
SpankChain,$0.007968171887,$499.39,"$6,967,369"
Netvrk,$0.165758,"$190,837","$6,934,957"
TitanSwap,$0.069316460429,"$376,466","$6,931,888"
Kava Swap,$0.053191303031,"$3,224.25","$6,892,127"
PKT,$0.001824551958,"$95,664.03","$6,892,070"
XEN Crypto,$0.000002543307,"$6,779,273","$6,869,825"
Inter Milan Fan Token,$2.07,"$419,317","$6,859,799"
Cake Monster,$0.001107952585,"$5,201.97","$6,847,025"
Tracer DAO,$0.010725030521,$415.17,"$6,846,090"
BUX,$0.104561,"$84,790.02","$6,786,398"
Dimecoin,$0.000011977560,-,"$6,777,678"
CrowdSwap,$0.113714,"$21,363.91","$6,771,457"
Oraichain,$1.72,"$166,341","$6,758,360"
Geist Finance,$0.009513295904,"$69,903.35","$6,743,427"
Nominex,$0.084713885302,"$13,829.51","$6,729,940"
Counterparty,$2.58,$654.13,"$6,713,144"
Zynecoin,$0.184901,"$52,283.28","$6,672,691"
Buying.com,$0.020125581683,"$65,129.81","$6,661,129"
Bitcoin Pro,$51.62,-,"$6,659,411"
Qi Dao,$0.079169694163,"$54,764.97","$6,641,500"
BitKan,$0.001215495750,"$14,106.44","$6,641,174"
X2Y2,$0.056313693275,"$503,321","$6,636,915"
GulfCoin,$0.043742730039,"$1,232,629","$6,591,723"
Premia,$0.621308,"$43,138.67","$6,584,182"
Decimal,$0.027533123302,"$75,262.80","$6,573,019"
STAT,$0.407297,"$99,324,522","$6,565,949"
Banano,$0.004627267940,"$13,694.50","$6,565,036"
VEED,$0.001172762404,"$145,651","$6,528,199"
Hiblocks,$0.000559633781,"$111,646","$6,515,719"
Atletico Madrid Fan Token,$2.34,"$1,276,954","$6,512,798"
BTU Protocol,$0.081272763445,$5.78,"$6,501,821"
LBRY Credits,$0.009889788016,"$14,951.97","$6,488,919"
Reflexer Ungovernance,$10.63,"$68,509.30","$6,471,716"
Carbon Credit,$0.345459,"$31,714.56","$6,409,504"
BSCPAD,$0.080526510178,"$39,370.34","$6,380,452"
Validity,$1.33,"$329,825","$6,303,774"
Jones DAO,$1.51,"$295,950","$6,297,856"
GameZone,$0.015201077605,"$15,807.38","$6,292,622"
Tornado Cash,$4.14,"$2,262,001","$6,291,144"
Popsicle Finance,$0.435516,"$161,518","$6,273,934"
FOAM,$0.017587747508,"$92,675.46","$6,253,557"
ProximaX,$0.000958174986,"$9,263.24","$6,210,521"
XELS,$0.943786,"$412,568","$6,199,848"
TriasLab,$1.24,"$225,904","$6,198,934"
Muse DAO,$6.18,"$406,602","$6,173,109"
BEPRO Network,$0.000614010492,"$238,738","$6,139,427"
RealFevr,$0.000605594083,"$7,613.26","$6,138,105"
Aurory,$0.646031,"$45,340.09","$6,137,354"
Wabi,$0.103821,"$793,459","$6,131,183"
FluxProtocol,$0.023217681762,"$115,500","$6,098,208"
Crypterium,$0.071539459964,"$326,999","$6,081,863"
Wasder,$0.017361223369,"$122,392","$6,049,769"
Arianee,$0.224969,"$1,044.45","$6,041,186"
Nation3,$615.67,"$1,666.63","$6,026,619"
Berry,$0.000664389712,"$931,204","$6,022,275"
Market Making Pro,$0.065253512114,"$420,290","$6,007,586"
Mimo Governance,$0.011943674538,"$18,392.29","$6,002,689"
CHEQD Network,$0.029362958429,"$107,327","$5,992,159"
Tomb,$0.019321125301,"$138,999","$5,974,496"
Sora,$2.97,"$180,043","$5,970,404"
OpenDAO,$0.000000149611,"$1,793,261","$5,970,289"
Wrapped Ampleforth,$5.80,"$81,474.96","$5,961,026"
Rebel Bots,$0.058602602442,"$15,362.95","$5,919,641"
REVV,$0.010132047839,"$1,131,689","$5,913,232"
Orbcity,$0.082633141716,"$562,756","$5,910,020"
DeFi Land,$0.001551743656,"$32,014.76","$5,908,635"
The Doge NFT,$0.000681420105,"$581,839","$5,905,719"
Bit Game Verse Token,$0.000189158858,"$388,316","$5,902,843"
Vela Exchange,$0.856439,"$274,321","$5,898,686"
Aquarius,$0.000554123383,"$19,376.23","$5,882,834"
Across Protocol,$0.042025240276,"$173,368","$5,862,460"
Voxies,$0.162274,"$1,362,138","$5,859,842"
Permission Coin,$0.000361840583,"$12,764.83","$5,849,825"
Scallop,$0.119382,"$97,443.87","$5,847,799"
apM Coin,$0.016106605814,"$2,444,090","$5,829,271"
EDEN,$0.049245770870,"$77,249.52","$5,811,792"
Zano,$0.428729,"$54,690.99","$5,807,679"
bitCNY,$0.140702,-,"$5,801,419"
Mooncoin,$0.000025198270,$0.015571403257,"$5,769,004"
Cirus,$0.093429902882,"$345,949","$5,767,512"
SwapXI,$0.274426,-,"$5,762,953"
BitcoinPoS,$0.404406,$296.00,"$5,757,365"
Nakamoto Games,$0.088456880423,"$894,843","$5,754,491"
Enjinstarter,$0.001815886023,"$42,643.61","$5,740,746"
TrustPad,$0.063178457692,"$78,937.00","$5,720,777"
FLEX Coin,$0.057508988636,$14.51,"$5,676,475"
MMFinance (Cronos),$0.010097164730,"$60,299.98","$5,666,142"
Ternoa,$0.007146452507,"$218,279","$5,600,152"
VeUSD,$1.00,"$88,485.68","$5,576,609"
Panther Protocol,$0.022968644678,"$3,397.92","$5,563,614"
Mycelium,$0.011209461080,"$6,714.26","$5,560,466"
DinoLFG,$0.016887906976,"$74,836.52","$5,521,430"
Sentivate,$0.002168306105,"$45,978.30","$5,498,439"
Epic Cash,$0.352550,"$5,187.97","$5,487,836"
CropBytes,$0.036204478284,"$98,954.30","$5,478,165"
Calamari Network,$0.001871621584,"$14,775.62","$5,475,192"
Silent Notary,$0.000036993951,"$6,288.17","$5,471,013"
Kapital DAO,$0.109288,"$26,121.15","$5,464,727"
tBTC,"$16,492.77","$1,007.80","$5,464,219"
MyConstant,$0.121254,-,"$5,456,409"
PEAKDEFI,$0.003512574538,"$4,125.95","$5,448,430"
Waltonchain,$0.186509,"$1,480,315","$5,441,082"
Popcorn,$0.354631,"$1,502.96","$5,426,255"
Silo Finance,$0.028623038340,"$90,697.55","$5,372,541"
AS Roma Fan Token,$2.36,"$575,235","$5,372,023"
THORWallet DEX,$0.018968747203,"$259,155","$5,371,798"
Quiztok,$0.000848059517,"$95,091.48","$5,369,942"
MintMe.com Coin,$0.023936022915,"$96,126.09","$5,351,138"
WeGro,$0.001405593786,$33.59,"$5,321,141"
Argentine Football Association Fan Token,$1.52,"$2,129,519","$5,315,506"
Coin of the champions,$0.000000039363,"$118,448","$5,309,716"
Skeb,$0.004312862960,"$91,525.17","$5,293,242"
Neutrino System Base,$1.93,"$22,660.91","$5,278,391"
SnowBlossom,$0.463425,-,"$5,272,035"
Position,$0.086434671438,"$164,542","$5,240,027"
ANGLE,$0.025970791719,"$192,396","$5,239,030"
Fable Of The Dragon,$0.516559,"$843,446","$5,217,555"
BTC Standard Hashrate Token,$0.713666,"$44,353.53","$5,217,270"
Observer,$0.000918425759,"$37,349.71","$5,208,273"
Cola,$0.079244952005,"$49,903.70","$5,195,840"
WeWay,$0.006477819254,"$1,087,213","$5,178,513"
HollaEx,$0.169317,"$16,446.56","$5,161,154"
Battle Infinity,$0.001529296914,"$53,044.73","$5,153,167"
Troy,$0.002708501912,"$908,918","$5,149,745"
BLOCKv,$0.001561421595,"$2,409.39","$5,144,742"
NFTX,$12.16,"$45,746.14","$5,111,640"
rETH2,"$1,190.11","$1,846.83","$5,105,618"
Blocksquare,$0.281455,"$133,305","$5,100,817"
CVI,$0.329206,"$239,156","$5,081,975"
Signum,$0.002348150075,"$28,194.05","$5,053,140"
Chain Games,$0.017818060397,"$40,779.65","$5,053,021"
WaultSwap,$0.000672381740,"$12,235.24","$5,037,633"
Beethoven X,$0.038811813410,"$30,567.20","$5,029,011"
Gamium,$0.000296430307,"$288,559","$5,013,136"
Good Person Coin,$0.000887451194,"$65,077.09","$4,980,339"
Friends With Benefits Pro,$8.32,"$26,040.86","$4,975,650"
Shiryo,$0.000000000005,"$71,971.71","$4,962,840"
e-Money EUR,$1.01,"$13,440.44","$4,948,912"
sBTC,"$16,297.58","$24,074.24","$4,940,598"
Altura,$0.007868521733,"$182,996","$4,924,557"
Ariva,$0.000067656811,"$1,096,234","$4,909,116"
Unicly CryptoPunks Collection,$0.019556802393,"$42,038.08","$4,901,688"
StableXSwap,$0.245334,-,"$4,869,319"
BlockWallet,$0.116333,"$98,550.77","$4,838,335"
StorX,$0.015472491565,"$139,690","$4,820,525"
XIDR,$0.000062134909,"$21,625.72","$4,817,383"
QASH,$0.005898630351,"$27,832.45","$4,798,174"
Darwinia Network,$0.003843166422,"$25,240.25","$4,790,387"
Seedify NFT Space,$0.001226050301,"$24,024.11","$4,754,033"
Nash,$0.162546,$66.78,"$4,742,198"
Mt Pelerin Shares,$9.45,$908.49,"$4,725,434"
Town Star,$0.013841703135,"$486,330","$4,722,253"
Metaverse.Network Pioneer,$0.228287,"$93,250.34","$4,716,273"
Crypton,$0.635392,"$18,555.51","$4,715,745"
ELYSIA,$0.001469318906,"$39,029.20","$4,705,776"
Arc,$0.006301786345,"$16,492.12","$4,697,397"
B.Protocol,$1.00,"$41,691.46","$4,683,563"
Swash,$0.009807712223,"$47,418.04","$4,674,458"
Smart Valor,$0.174180,"$54,840.88","$4,665,684"
Project SEED SHILL,$0.013050542161,"$180,857","$4,660,232"
Pangolin,$0.032434460374,"$219,038","$4,657,117"
ECO,$0.021328110333,$106.34,"$4,638,864"
Trabzonspor Fan Token,$1.18,"$689,770","$4,620,584"
Geojam,$0.002012374992,"$9,666.62","$4,580,101"
NuNet,$0.009127595771,"$12,812.45","$4,579,834"
SUKU,$0.038290510501,"$689,940","$4,560,692"
Ignis,$0.005959189283,"$19,577.97","$4,536,344"
TON,$0.016250228612,"$12,698.44","$4,530,682"
Jupiter,$0.004514776802,"$173,173","$4,528,761"
OpenOcean,$0.015413331681,"$435,924","$4,512,054"
Infinity PAD,$0.004494225394,$0.647438,"$4,494,225"
Equilibrium EOSDT,$0.832008,-,"$4,486,430"
AMDG,$0.063350594842,"$46,400.41","$4,481,464"
Sovryn,$0.190446,"$71,339.01","$4,464,889"
Avalaunch,$0.142448,"$221,417","$4,461,500"
Gravity Finance,$0.004341139280,$831.08,"$4,442,583"
Dragonchain,$0.012030533073,"$30,722.84","$4,429,053"
Pendle,$0.045520309298,"$29,764.14","$4,425,005"
TigerCash,$0.006313463209,-,"$4,419,424"
Pocketcoin,$0.382178,"$1,833,772","$4,384,486"
Cube Network,$0.090467335046,-,"$4,356,002"
Bridge Oracle,$0.000547294041,"$1,360,826","$4,352,190"
GAMEE,$0.006960907541,"$209,385","$4,349,252"
JumpToken,$2.33,"$35,849.59","$4,348,762"
Cardstack,$0.001440870011,"$22,119.02","$4,340,196"
Para,$0.000143100079,$725.07,"$4,321,673"
ChainPort,$0.044333155166,"$12,102.54","$4,321,176"
Instadapp WBTC,"$17,724.46",$0.000000000000,"$4,314,355"
HEdpAY,$0.064989374004,"$9,336.82","$4,311,372"
InsurAce,$0.071865928494,"$489,880","$4,310,941"
UXD Stablecoin,$1.00,"$114,359","$4,273,291"
Diamond Launch,$0.130378,"$6,559,426","$4,235,383"
Etherisc DIP,$0.011006025985,"$2,689.87","$4,222,392"
Sipher,$0.044620258016,"$49,823.44","$4,211,813"
GamerCoin,$0.008882116763,"$1,507,385","$4,195,642"
Stader BNBx,$258.73,"$3,589.88","$4,193,779"
Crypto Unicorns Rainbow,$0.031872619695,"$21,675.19","$4,190,179"
e-Money,$0.053894173508,"$5,495.55","$4,178,183"
Dypius,$0.176373,"$383,476","$4,164,242"
Golden Ball,$0.000069428947,"$91,034.30","$4,161,458"
XAYA,$0.072279876130,"$14,975.92","$4,156,101"
Steam Exchange,$0.000041492208,"$3,526.20","$4,149,194"
MahaDAO,$1.01,"$118,365","$4,134,697"
Cellframe,$0.145013,"$55,417.65","$4,132,601"
The Winkyverse,$0.001086161543,"$12,107.45","$4,122,595"
Rari Governance,$0.364971,"$1,141.15","$4,109,799"
Vires Finance,$2.09,$297.09,"$4,100,763"
MandoX,$0.000000274421,"$5,067.62","$4,100,664"
Aladdin DAO,$0.030153758337,"$15,798.20","$4,097,511"
Poolz Finance,$1.05,"$298,534","$4,083,550"
PlanetWatch,$0.004811892356,"$58,403.24","$4,061,080"
TETU,$0.014919468740,"$2,559.79","$4,047,103"
Rainicorn,$0.008286619801,"$69,291.87","$4,045,087"
Plastiks,$0.028502051844,"$286,044","$4,037,362"
Bostrom,$0.000000009436,$258.45,"$4,030,718"
Monavale,$386.91,"$182,676","$4,029,595"
Shyft Network,$0.007012269736,"$107,501","$4,014,571"
Devour,$0.006536512736,"$4,692.25","$4,013,143"
Banana,$0.627112,"$9,313.78","$4,009,260"
Bytecoin,$0.000021785065,"$2,918.08","$4,008,884"
NerveNetwork,$0.010858224641,"$41,580.64","$4,007,731"
vEmpire DDAO,$0.018054119103,"$2,071,249","$4,004,054"
CACHE Gold,$59.74,-,"$3,992,029"
RocketX exchange,$0.060662337792,"$41,994.89","$3,987,400"
Quidd,$0.023511085823,"$1,639.35","$3,972,931"
Neos Credits,$0.097500526119,"$51,183.51","$3,956,624"
Aura Network,$0.050752292287,"$24,014.11","$3,948,488"
Hop Protocol,$0.068830730002,"$189,175","$3,942,742"
Football World Community,$0.000000000095,"$715,514","$3,938,255"
Delta Exchange,$0.042571668430,$358.53,"$3,934,637"
Napoli Fan Token,$2.90,"$21,785.59","$3,918,025"
Epik Prime,$0.005600736271,"$77,260.42","$3,913,792"
Cashaa,$0.005367036240,"$151,157","$3,896,205"
StrikeX,$0.026045112018,"$19,689.09","$3,891,365"
PointPay,$0.008649478735,"$50,338.52","$3,882,940"
Polkamarkets,$0.038810282414,"$85,516.16","$3,882,273"
Shade Protocol,$6.09,"$13,702.11","$3,855,988"
Optimus OPT2,$0.156298,$14.33,"$3,849,193"
SafeDeal,$0.824885,"$43,981.58","$3,841,362"
EnreachDAO,$1.73,"$1,084.84","$3,839,889"
Vidya,$0.087488873666,"$229,553","$3,839,557"
Realm,$0.010169553578,"$153,190","$3,832,224"
Sidus,$0.000976011363,"$381,524","$3,823,966"
KALM,$0.563144,"$27,350.78","$3,822,871"
PearDAO,$0.068396141433,"$102,632","$3,800,986"
Everest,$0.032363838208,"$14,347.38","$3,782,995"
Raptoreum,$0.001589589799,"$30,252.97","$3,779,680"
Tomb Shares,$96.49,"$171,722","$3,765,575"
Tower,$0.002997704379,"$71,731.05","$3,748,690"
Dfyn Network,$0.022158684294,"$65,342.00","$3,748,384"
Celestial,$0.002314844978,"$190,537","$3,742,690"
Notional Finance,$0.145106,"$7,035.38","$3,714,145"
Altair,$0.009399233940,"$17,966.89","$3,704,791"
Pleasure Coin,$0.000084587145,$934.75,"$3,701,568"
PolyPad,$0.003346920935,"$12,016.60","$3,681,624"
Liquidus,$0.280088,"$25,952.92","$3,679,958"
Convergence,$0.001838635115,"$901,484","$3,676,706"
Wombat Exchange,$0.089479396972,"$221,002","$3,670,214"
Kasta,$0.025853466756,"$175,401","$3,670,052"
MonkeyLeague,$0.041732560072,"$93,274.85","$3,658,606"
SaitaRealty,$0.000120965832,"$5,340.72","$3,654,634"
Rangers Protocol,$1.08,$44.74,"$3,651,155"
DeepBrain Chain,$0.001138089930,"$616,742","$3,642,301"
Forj,$0.005228356341,"$121,508","$3,642,246"
Gamma Strategies,$0.071351914560,"$15,938.01","$3,636,948"
DFX Finance,$0.138429,"$632,268","$3,626,919"
Gridcoin,$0.008136064138,"$29,246.30","$3,601,488"
TiFi,$0.000000039895,"$32,809.80","$3,600,444"
MContent,$0.000000000970,"$952,008","$3,580,157"
Cube Intelligence,$0.000526087319,$0.000000000000,"$3,564,210"
Kromatika,$0.043289987935,"$130,865","$3,561,965"
LABEL Foundation,$0.003240243725,"$625,326","$3,546,717"
Probit,$0.127435,"$1,740.31","$3,508,010"
Planet Finance,$37.04,"$2,907.40","$3,505,450"
Mobius,$0.006784699132,"$20,643.52","$3,483,419"
MultiVAC,$0.000999622331,"$78,317.17","$3,459,345"
Paribus,$0.000741987263,"$55,035.20","$3,458,274"
OTOCASH,$0.089982339834,$79.45,"$3,447,162"
cLINK,$0.113175,$0.000000000000,"$3,437,503"
Ridotto,$0.017927271334,"$41,636.28","$3,415,937"
Witnet,$0.003039751806,"$18,705.24","$3,414,259"
BSCEX,$0.892879,-,"$3,407,119"
Kylin Network,$0.012459692258,"$43,941.44","$3,400,060"
Santiment Network,$0.053068424383,"$1,300.75","$3,396,413"
OccamFi,$0.133709,"$39,216.16","$3,384,232"
Plugin,$0.055471136167,"$416,939","$3,381,610"
Starcoin,$0.011414964562,"$25,734.70","$3,381,426"
Lego Coin V2,$0.033779554907,"$1,435.39","$3,378,220"
Media Network,$13.51,"$917,255","$3,378,147"
Hotbit,$0.004353044675,"$211,925","$3,371,383"
VelasPad,$0.007735852717,"$15,963.01","$3,366,678"
Omax,$0.000349672620,"$121,212","$3,355,117"
THORChain (ERC20),$0.899202,"$36,054.02","$3,339,199"
Mad Viking Games,N/A,-,"$3,336,533"
Push Protocol,$0.224199,"$467,441","$3,335,218"
ALL.ART,$0.003974864046,"$30,924.68","$3,333,862"
SavePlanetEarth,$0.005617848185,$669.00,"$3,311,849"
Sentinel,$0.000235479969,"$92,082.69","$3,310,546"
Skey Network,$0.011599733342,"$979,162","$3,297,521"
Exeedme,$0.036465045386,"$95,774.63","$3,282,150"
Gameswap,$0.370812,"$36,102.02","$3,273,846"
NXT,$0.003342886702,"$25,529.95","$3,264,265"
Octus Bridge,$0.513805,$750.59,"$3,260,205"
Chain Guardians,$0.064624125307,"$202,941","$3,241,260"
Safemars,$0.000000008405,"$12,656.58","$3,225,677"
Futureswap,$0.121964,"$317,020","$3,223,065"
Mint Club,$0.000002785297,"$17,747.86","$3,207,020"
STIMA,$1.00,"$12,418.03","$3,201,854"
NAGA,$0.040774172875,"$160,608","$3,177,156"
WigoSwap,$0.002318004873,"$44,648.70","$3,174,199"
Torum,$0.018036197421,"$474,132","$3,172,272"
Megaweapon,$0.322367,"$13,627.12","$3,172,065"
Metavault Trade,$1.56,"$10,119.72","$3,156,620"
Empire Capital,$0.032729186751,$36.49,"$3,135,505"
webdollar,$0.000165637811,-,"$3,135,029"
Enecuum,$0.015419760149,"$60,975.32","$3,127,551"
Oduwa Coin,$0.201864,"$16,594.38","$3,125,312"
Gains,$0.079607947247,"$7,670.47","$3,119,699"
Vivid Labs,$0.018221337359,"$670,692","$3,093,205"
Ferrum Network,$0.026872548992,"$379,272","$3,088,996"
USDP Stablecoin,$0.990857,-,"$3,088,826"
DogeBonk,$0.000000005492,"$2,917.64","$3,088,401"
Rome,$13.56,$0.053236809322,"$3,074,092"
Taki,$0.004687286496,"$17,910.53","$3,053,176"
VersaGames,$0.056706852422,$110.79,"$3,049,548"
NMKR,$0.001614440386,"$51,719.83","$3,046,175"
NFT Worlds,$0.005534030009,"$31,536.11","$3,037,042"
Minto,$0.682339,"$20,227.03","$3,016,032"
Revolt 2 Earn,$0.000000048392,"$258,833","$3,014,587"
Hara,$0.002509894777,"$23,437.76","$3,011,170"
MAPS,$0.040003439954,"$14,539.92","$3,007,706"
LORDS,$0.058959772207,"$12,481.03","$3,002,277"
Radiant,$0.000809593035,"$4,524.82","$2,996,318"
Sonar,$0.000792432389,"$14,219.39","$2,985,298"
GAMER,$0.009064640693,"$16,358.87","$2,974,619"
Portugal National Team Fan Token,$0.969145,"$1,030,076","$2,971,083"
DOSE,$0.006288375411,"$911,258","$2,962,624"
CNH Tether,$0.144463,"$2,086.70","$2,962,074"
Teritori,$0.050579181291,"$40,929.59","$2,961,305"
DaTa eXchange DTX,$0.013116447878,$59.66,"$2,952,897"
Atari,$0.001954962009,"$1,610.81","$2,943,059"
FlatQube,$1.07,"$1,143.67","$2,938,150"
Abyss,$0.012771150347,"$139,657","$2,925,688"
LoveChain,$0.021640872358,"$4,254.01","$2,921,572"
Tempus,$0.030208950117,"$1,128.83","$2,914,889"
Uno Re,$0.038346529426,"$112,061","$2,897,611"
Covesting,$0.154255,"$15,681.86","$2,896,591"
Digits DAO,$0.002891779704,$4.79,"$2,892,683"
Taboo,$0.000294845480,"$57,600.88","$2,889,950"
BYTZ,$0.000324218602,$67.76,"$2,886,718"
DefiBox,$1.10,"$12,215.62","$2,871,833"
Hoo,$0.034768659647,$59.80,"$2,866,832"
Vibing,$0.099586824182,"$21,561.24","$2,851,874"
Hera Finance,$0.896582,"$21,759.96","$2,845,842"
Dvision Network,$0.011515417872,"$522,163","$2,841,619"
PlutusDAO,$0.262164,"$42,011.83","$2,839,768"
GEEQ,$0.080017008798,"$367,689","$2,836,480"
Monetha,$0.008142031564,"$348,313","$2,829,956"
Edgeware,$0.000403678098,"$16,250.31","$2,822,769"
PolkaBridge,$0.043129440438,"$36,099,696","$2,821,626"
Zillion Aakar XO,$0.431138,"$105,926","$2,818,685"
Evolution Finance,$9.41,$45.73,"$2,818,674"
DAOhaus,$2.82,"$5,105.69","$2,817,650"
Jetfuel Finance,$22.69,-,"$2,810,306"
V.SYSTEMS,$0.001024130264,"$150,356","$2,804,013"
Robonomics Network,$2.33,"$216,676","$2,796,127"
Tokenomy,$0.024197959906,"$127,640","$2,794,802"
Plian,$0.002968530365,"$23,036.83","$2,792,641"
Compendium.Fi,$0.034266704370,$598.66,"$2,792,476"
Aave [OLD],$0.077229019546,$377.14,"$2,791,023"
YAM,$0.170922,"$15,662.71","$2,790,545"
Lithium Finance,$0.000699504339,"$366,088","$2,766,627"
impactMarket,$0.000903211667,"$1,692.16","$2,755,212"
Stader,$0.269491,"$1,050,772","$2,740,261"
Safe Haven,$0.000464316621,"$35,865.02","$2,739,456"
Juggernaut,$0.027390383255,"$306,394","$2,737,994"
DigitalDollar,$0.952396,"$103,433","$2,729,944"
Biconomy Exchange,$0.000007279743,"$18,365.35","$2,723,581"
Vesta Finance,$0.307930,"$4,074.72","$2,723,086"
CumRocket,$0.002169045244,"$11,701.02","$2,721,971"
Adora,$0.017008270054,"$2,145.08","$2,721,373"
Razor Network,$0.005218656123,"$276,936","$2,718,736"
Edgeless,$0.023564427351,$14.35,"$2,713,355"
Pibble,$0.000230938931,"$7,857.25","$2,711,026"
BlackDragon,$2.34,-,"$2,708,214"
Neighbourhoods,$0.000318674423,"$5,056.72","$2,694,655"
Litecoin Cash,$0.003483007929,$461.78,"$2,694,522"
My DeFi Pet,$0.054499916223,"$1,102,264","$2,688,500"
AssetMantle,$0.007789138799,"$58,523.35","$2,683,785"
Flamengo Fan Token,$0.586056,"$94,459.98","$2,682,844"
saffron.finance,$33.48,"$105,027","$2,680,459"
Charli3,$0.125069,"$1,726.67","$2,678,918"
#MetaHash,$0.000700991514,"$1,832.88","$2,675,588"
SALT,$0.030657359465,"$15,471.60","$2,675,078"
FloorDAO,$2.02,"$74,918.26","$2,665,461"
Hourglass,$0.027168635233,"$15,626.53","$2,662,529"
CoinsPaid,$0.028667064453,"$9,527.71","$2,660,816"
Metaverse Index,$15.94,"$23,455.70","$2,659,539"
Saddle Finance,$0.006116536204,"$20,127.27","$2,649,641"
Pomerium,$0.001232680334,-,"$2,647,977"
LiquidDriver,$0.805651,"$29,224.53","$2,636,862"
UwU Lend,$10.14,"$2,082.23","$2,632,002"
ZMINE,$0.004333359074,-,"$2,631,162"
Undead Blocks,$0.175266,"$474,319","$2,629,266"
PolyDoge,$0.000000003078,"$58,068.79","$2,628,769"
TRVL,$0.023387062952,"$300,294","$2,624,577"
Stronghold,$0.000486425657,"$56,115.23","$2,615,653"
Bao Finance,$0.000035497695,"$1,607.39","$2,605,826"
Minter Network,$0.000391935917,$339.55,"$2,603,652"
Matrix AI Network,$0.017255795979,"$236,631","$2,591,489"
Wownero,$0.037721810881,"$3,225.48","$2,590,465"
Spool DAO,$0.122590,"$87,135.64","$2,590,055"
Lingose,$0.003126617820,"$791,656","$2,583,051"
ARC Governance,$0.071089759849,-,"$2,582,736"
Step Finance,$0.010563090166,"$368,016","$2,581,789"
Prism,$0.004242090452,"$2,212.01","$2,581,782"
dHEDGE DAO,$0.071291749202,"$14,495.81","$2,565,469"
xWIN Finance,$0.395810,"$30,289.48","$2,564,189"
Betu,$0.024418314190,"$148,319","$2,558,660"
Aidos Kuneen,$0.102169,"$35,869.65","$2,557,504"
WOM Protocol,$0.025552771292,"$726,033","$2,555,462"
Velhalla,$0.001545346602,"$9,534.84","$2,552,654"
Lunar,$0.031863216314,"$475,279","$2,548,905"
Vesper Finance,$0.299674,"$188,201","$2,548,827"
Belt,$0.179343,"$2,347.31","$2,545,854"
Jarvis Reward,$0.011947113007,"$9,108.68","$2,542,787"
1World,$0.101061,"$6,118.17","$2,540,032"
Unipilot,$2.13,"$198,002","$2,532,797"
Oxygen,$0.012577549171,"$169,103","$2,530,733"
governance ZIL,$4.52,"$5,970.22","$2,524,431"
BoringDAO,$0.002427190545,"$323,606","$2,516,951"
dotmoovs,$0.002777955835,"$350,121","$2,512,068"
MiamiCoin,$0.000428056135,"$7,070.95","$2,507,946"
BiLira,$0.052849891036,$766.12,"$2,497,785"
PAID Network,$0.013250068666,"$21,483.44","$2,493,269"
Skycoin,$0.113110,"$1,727.13","$2,485,616"
Lamden,$0.016446714890,"$29,972.16","$2,480,017"
blockbank,$0.006573711048,"$51,500.67","$2,470,800"
Voice,$69.96,$69.90,"$2,457,995"
Nyancoin,$0.007198626826,$33.51,"$2,451,354"
Trace Network Labs,$0.058860738234,"$227,953","$2,450,369"
Brazil National Football Team Fan Token,$0.084781360713,"$52,727.84","$2,446,312"
WPP Token,$0.000786698058,-,"$2,445,671"
handle.fi,$0.010951028133,"$16,446.62","$2,433,658"
Colony,$0.034700389695,"$11,601.28","$2,429,780"
FortKnoxster,$0.016055454243,"$33,734.13","$2,407,541"
MASQ,$0.160767,"$142,091","$2,406,799"
Oxbull Tech,$0.332450,"$1,768.55","$2,392,900"
PAC Protocol,$0.000136977939,"$1,406.64","$2,389,426"
Source Protocol,$0.008129374849,"$18,751.37","$2,389,318"
ADAPad,$0.006345193283,"$12,920.08","$2,386,952"
Green Climate World,$0.213183,"$6,513.04","$2,384,747"
Instadapp DAI,$1.05,$0.000000000000,"$2,383,114"
StackOS,$0.005279575299,"$21,657.53","$2,379,836"
Parallel,$1.06,"$6,822.35","$2,378,202"
LA,$0.039255229850,$798.70,"$2,376,928"
Shibaverse,$0.002937204126,"$23,671.22","$2,371,111"
BiFi,$0.005616019524,"$69,439.26","$2,368,956"
